{"BGM":0.4098396301269531,"SE":0.3876917064189911}