{"BGM":0.44744831323623659,"SE":0.44191133975982668}